{"stat.mineBlock.gregtech.ore_coal_0":1,"stat.mineBlock.gregtech.ore_zeolite_0":3,"stat.leaveGame":11,"stat.craftItem.thermalfoundation.wrench":1,"stat.useItem.gregtech.stone_cobble":10,"stat.craftItem.simplyjetpacks.metaitem":7,"stat.useItem.gregtech.wrench":7,"stat.drop.gregtech.wrench":1,"stat.swimOneCm":34989,"stat.climbOneCm":36547,"stat.useItem.minecraft.dirt":1,"stat.useItem.minecraft.stone_slab2":29,"stat.useItem.minecraft.water_bucket":6,"stat.pickup.minecraft.sand":496,"stat.craftItem.gregtech.wrench":1,"stat.pickup.gregtech.ore_coal_0":1,"stat.craftItem.minecraft.lapis_block":1,"stat.mineBlock.gregtech.ore_graphite_0":7,"stat.pickup.minecraft.cobblestone_wall":4,"stat.pickup.minecraft.cobblestone":938,"stat.mineBlock.minecraft.clay":5,"stat.flyOneCm":306077,"stat.pickup.gregtech.meta_plate":56,"stat.mineBlock.minecraft.sand":499,"stat.mineBlock.gregtech.ore_diamond_0":2,"stat.craftItem.gregtech.meta_tool_head_drill":1,"stat.timeSinceDeath":395403,"stat.pickup.gregtech.stone_cobble":32,"stat.pickup.gregtech.wire_quadruple":2,"stat.trappedChestTriggered":3,"stat.craftItem.gregtech.machine":10,"stat.mineBlock.chisel.marble1":4,"stat.pickup.minecraft.stonebrick":9,"stat.drop.gregtech.machine":1,"stat.mineBlock.gregtech.ore_cassiterite_0":2,"stat.pickup.gregtech.ore_graphite_0":7,"stat.pickup.actuallyadditions.item_solidified_experience":25,"stat.pickup.minecraft.beef":39,"stat.craftItem.minecraft.stone_slab2":0,"stat.sprintOneCm":173114,"stat.pickup.actuallyadditions.item_misc":3,"stat.mineBlock.minecraft.stone_slab":13,"stat.useItem.gregtech.wire_quadruple":2,"stat.useItem.gregtech.item_pipe_small":2,"stat.pickup.gregtech.meta_item_1":4,"stat.pickup.gregtech.drill_lv":2,"stat.useItem.minecraft.flint_and_steel":256,"stat.craftItem.gregtech.meta_gear_small":8,"stat.pickup.armorplus.cobalt_chestplate":1,"stat.craftItem.chisel.chisel_diamond":1,"stat.craftItem.gregtech.meta_ingot":68,"stat.craftItem.gregtech.meta_item_1":148,"stat.useItem.gregtech.drill_lv":657,"stat.useItem.gregtech.mining_hammer":928,"stat.pickup.armorplus.cobalt_helmet":1,"stat.deaths":1,"stat.drop":2,"stat.playOneMinute":539227,"stat.pickup.gregtech.ore_cassiterite_0":2,"stat.craftItem.gregtech.cable_quadruple":2,"stat.craftItem.gregtech.meta_tool_head_buzz_saw":1,"stat.pickup.chisel.marble1":4,"stat.craftItem.toolbelt.pouch":7,"stat.diveOneCm":71683,"stat.pickup.minecraft.wheat":179,"stat.craftItem.gregtech.drill_lv":1,"stat.chestOpened":62,"stat.pickup.gregtech.ore_zeolite_0":3,"stat.pickup.tombmanygraves.death_list":1,"stat.pickup.armorplus.cobalt_boots":1,"stat.jump":1082,"stat.useItem.gregtech.butchery_knife":39,"stat.fallOneCm":35798,"stat.pickup.thermalfoundation.tome_experience":1,"stat.pickup.gregtech.machine":11,"stat.crouchOneCm":3331,"stat.mineBlock.minecraft.chest":1,"stat.pickup.minecraft.dirt":62,"stat.mineBlock.gregtech.machine":10,"stat.craftItem.gregtech.meta_dust_tiny":3,"stat.craftItem.gregtech.wire_quadruple":2,"stat.craftItem.minecraft.flint_and_steel":4,"stat.craftItem.hooked.microcrafting":4,"stat.pickup.gregtech.wrench":1,"stat.useItem.chisel.marble1":3,"stat.damageTaken":1950,"stat.pickup.minecraft.leather":33,"stat.useItem.minecraft.reeds":4,"stat.pickup.minecraft.reeds":92,"stat.pickup.minecraft.wheat_seeds":170,"stat.pickup.enderio.item_material":86,"stat.damageDealt":1458,"stat.pickup.actuallyadditions.item_canola_seed":2,"stat.killEntity.Cow":15,"stat.mineBlock.minecraft.dirt":63,"stat.pickup.gregtech.wire_single":46,"stat.walkOneCm":645961,"stat.animalsBred":7,"stat.pickup.gregtech.ore_diamond_0":2,"stat.pickup.minecraft.clay_ball":12,"stat.useItem.minecraft.cobblestone":15,"stat.useItem.gregtech.meta_item_1":1,"stat.useItem.toolbelt.belt":2,"stat.craftItem.gregtech.wire_cutter":1,"stat.craftItem.gregtech.machine_casing":7,"stat.mineBlock.gregtech.ore_chalcopyrite_0":4,"stat.craftItem.toolbelt.belt":1,"stat.pickup.armorplus.cobalt_leggings":1,"stat.mineBlock.gregtech.stone_smooth":32,"stat.craftItem.minecraft.bucket":1,"stat.craftItem.gregtech.meta_bolt":44,"stat.mineBlock.minecraft.stonebrick":9,"stat.pickup.gregtech.ore_chalcopyrite_0":4,"stat.mobKills":15,"stat.craftItem.thermalfoundation.tome_experience":1,"stat.mineBlock.minecraft.leaves":1,"stat.craftItem.gregtech.meta_dust":46,"stat.craftItem.minecraft.paper":87,"stat.sneakTime":3258,"stat.mineBlock.minecraft.cobblestone_wall":4,"stat.pickup.minecraft.stone_slab":24,"stat.mineBlock.minecraft.stone":968,"stat.pickup.minecraft.chest":1}