{"stat.craftItem.armorplus.cobalt_leggings":1,"stat.mineBlock.gregtech.ore_lapis_0":103,"stat.leaveGame":25,"stat.pickup.gregtech.ore_gold_0":82,"stat.useItem.gregtech.wrench":73,"stat.mineBlock.minecraft.stained_glass":13,"stat.craftItem.chesttransporter.chesttransporter_obsidian":2,"stat.craftItem.gregtech.stone_smooth":665,"stat.mineBlock.minecraft.web":25,"stat.craftItem.gregtech.metal_casing":110,"stat.pickup.gregtech.ore_lead_0":21,"stat.useItem.xtones.lamp_flat":3,"stat.pickup.gregtech.ore_oilsands_0":21,"stat.pickup.minecraft.rotten_flesh":321,"stat.pickup.enderio.item_conduit_probe":1,"stat.useItem.chisel.marble":8,"stat.pickup.minecraft.brick_block":196,"stat.pickup.gregtech.planks":179,"stat.pickup.minecraft.cobblestone_wall":9,"stat.pickup.minecraft.bucket":11,"stat.craftItem.chisel.antiblock":5,"stat.pickup.enderio.item_broken_spawner":1,"stat.mineBlock.minecraft.emerald_block":3,"stat.pickup.minecraft.brown_mushroom":1,"stat.drop.minecraft.sand":5,"stat.pickup.gregtech.fluid_pipe_small":38,"stat.pickup.minecraft.stained_hardened_clay":828,"stat.pickup.architecturecraft.sawbench":1,"stat.pickup.gregtech.stone_cobble":2175,"stat.mineBlock.minecraft.brick_block":197,"stat.useItem.actuallyadditions.block_giant_chest":3,"stat.craftItem.gregtech.cable_single":140,"stat.pickup.gregtech.item_pipe_small":9,"stat.pickup.enderio.item_basic_capacitor":41,"stat.mineBlock.minecraft.vine":19,"stat.mineBlock.chisel.marble2":335,"stat.mineBlock.chisel.marble1":105,"stat.pickup.gregtech.meta_dust_impure":1904,"stat.pickup.gregtech.ore_glauconite_sand_0":21,"stat.furnaceInteraction":276,"stat.craftItem.gregtech.item_pipe_small":6,"stat.pickup.gregtech.ore_magnetite_0":507,"stat.pickup.gregtech.ore_fullers_earth_0":108,"stat.pickup.gregtech.ore_magnesite_0":111,"stat.pickup.gregtech.ore_tetrahedrite_0":331,"stat.pickup.minecraft.beef":22,"stat.breakItem.gregtech.mortar":1,"stat.mineBlock.gregtech.stone_cobble":6,"stat.pickup.minecraft.cauldron":4,"stat.mineBlock.minecraft.stained_hardened_clay":850,"stat.useItem.minecraft.fence":11,"stat.pickup.actuallyadditions.item_crystal":87,"stat.pickup.gregtech.ore_copper_0":125,"stat.mineBlock.storagedrawers.customdrawers":1,"stat.useItem.minecraft.wheat_seeds":70,"stat.craftItem.minecraft.silver_glazed_terracotta":2,"stat.pickup.gregtech.meta_stick":2,"stat.pickup.gregtech.ore_lazurite_0":262,"stat.pickup.minecraft.emerald":39,"stat.useItem.minecraft.dye":251,"stat.useItem.gregtech.metal_casing":172,"stat.deaths":4,"stat.pickup.gregtech.ore_cassiterite_0":185,"stat.craftItem.minecraft.iron_pickaxe":1,"stat.drop.minecraft.iron_ingot":1,"stat.pickup.chisel.marble1":105,"stat.pickup.chisel.marble2":335,"stat.mineBlock.minecraft.tallgrass":65,"stat.chestOpened":1332,"stat.pickup.gregtech.ore_vanadium_magnetite_0":119,"stat.useItem.minecraft.stone":1,"stat.pickup.minecraft.iron_sword":1,"stat.pickup.minecraft.wooden_pressure_plate":2,"stat.craftItem.minecraft.coal":2216,"stat.craftItem.gregtech.file":3,"stat.useItem.gregtech.butchery_knife":31,"stat.pickup.chisel.basalt2":15,"stat.pickup.enderio.item_alloy_ingot":29,"stat.mineBlock.gregtech.ore_sodalite_0":207,"stat.crouchOneCm":109328,"stat.mineBlock.minecraft.chest":110,"stat.craftItem.minecraft.diamond":75,"stat.mineBlock.gregtech.ore_malachite_0":9,"stat.craftItem.minecraft.iron_ingot":1749,"stat.pickup.gregtech.ore_calcite_0":59,"stat.craftingTableInteraction":43,"stat.mineBlock.gregtech.ore_copper_0":126,"stat.craftItem.gregtech.wire_double":7,"stat.craftItem.thermalexpansion.satchel":1,"stat.useItem.chisel.marble1":25,"stat.mineBlock.minecraft.log2":14,"stat.useItem.chisel.marble2":13,"stat.useItem.minecraft.reeds":40,"stat.craftItem.minecraft.nether_brick":1,"stat.craftItem.enderio.item_power_conduit":1,"stat.pickup.minecraft.dye":267,"stat.pickup.minecraft.planks":60,"stat.craftItem.gregtech.hammer":2,"stat.pickup.minecraft.wheat_seeds":106,"stat.pickup.enderio.item_material":314,"stat.mineBlock.minecraft.glass":10,"stat.mineBlock.gregtech.ore_cobaltite_0":49,"stat.drop.enderio.item_material":5,"stat.mineBlock.minecraft.dirt":182,"stat.craftItem.enderio.item_alloy_nugget":207,"stat.craftItem.gregtech.meta_block_frame_103":22,"stat.pickup.gregtech.wire_single":190,"stat.pickup.minecraft.brewing_stand":7,"stat.useItem.minecraft.cobblestone":288,"stat.pickup.minecraft.magma":275,"stat.mineBlock.minecraft.double_plant":8,"stat.useItem.contenttweaker.hand_framing_tool":26,"stat.useItem.toolbelt.belt":1,"stat.drop.gregtech.meta_dust_impure":346,"stat.craftItem.minecraft.gold_ingot":153,"stat.pickup.minecraft.chicken":10,"stat.useItem.architecturecraft.hammer":24,"stat.mineBlock.chisel.stonebrick2":8,"stat.useItem.gregtech.screwdriver":2,"stat.pickup.minecraft.apple":25,"stat.mineBlock.gregtech.ore_chalcopyrite_0":767,"stat.craftItem.xtones.base":56,"stat.craftItem.minecraft.bucket":1,"stat.craftItem.minecraft.planks":351,"stat.useItem.gregtech.axe":1798,"stat.mineBlock.gregtech.ore_gold_0":88,"stat.mineBlock.morefurnaces.furnaceblock":4,"stat.mineBlock.gregtech.ore_lead_0":21,"stat.useItem.minecraft.stonebrick":17,"stat.pickup.minecraft.book":38,"stat.craftItem.xtones.zeta":56,"stat.mineBlock.minecraft.log":681,"stat.craftItem.minecraft.paper":38,"stat.pickup.gregtech.mortar":1,"stat.craftItem.gregtech.butchery_knife":1,"stat.pickup.minecraft.red_flower":9,"stat.pickup.minecraft.wool":13,"stat.useItem.gregtech.machine":27,"stat.mineBlock.chisel.marblepillar":12,"stat.craftItem.minecraft.trapped_chest":4,"stat.pickup.minecraft.trapped_chest":4,"stat.pickup.gregtech.meta_gem":244,"stat.craftItem.storagedrawers.basicdrawers":10,"stat.mineBlock.gregtech.ore_zeolite_0":389,"stat.mineBlock.minecraft.cobblestone":266,"stat.pickup.minecraft.flint":24,"stat.mineBlock.minecraft.yellow_flower":5,"stat.mineBlock.gregtech.ore_realgar_0":125,"stat.mineBlock.minecraft.stained_glass_pane":27,"stat.craftItem.gregtech.mortar":2,"stat.pickup.enderio.item_dark_steel_sword":7,"stat.pickup.minecraft.enchanted_book":4,"stat.drop.minecraft.cyan_glazed_terracotta":1,"stat.craftItem.architecturecraft.sawblade":1,"stat.mineBlock.chisel.marble":18,"stat.useItem.minecraft.stone_slab2":379,"stat.craftItem.morefurnaces.furnaceblock":17,"stat.pickup.gregtech.ore_sphalerite_0":74,"stat.pickup.actuallyadditions.block_giant_chest":1,"stat.breakItem.gregtech.wire_cutter":1,"stat.pickup.minecraft.diamond_horse_armor":2,"stat.useItem.gregtech.meta_block_frame_16":11,"stat.pickup.gregtech.ore_gypsum_0":52,"stat.craftItem.minecraft.furnace":3,"stat.useItem.morefurnaces.furnaceblock":1,"stat.useItem.gregtech.pickaxe":720,"stat.mineBlock.gregtech.ore_graphite_0":147,"stat.mineBlock.gregtech.ore_magnetite_0":538,"stat.mineBlock.minecraft.obsidian":115,"stat.useItem.gregtech.meta_block_frame_20":6,"stat.mineBlock.minecraft.clay":315,"stat.craftItem.gregtech.steam_casing":20,"stat.flyOneCm":2063905,"stat.mineBlock.gregtech.ore_diamond_0":48,"stat.mineBlock.chisel.antiblock":4,"stat.drop.tombmanygraves.death_list":3,"stat.pickup.gregtech.ore_cinnabar_0":33,"stat.pickup.architecturecraft.shape":1,"stat.craftItem.minecraft.emerald_block":1,"stat.timeSinceDeath":700890,"stat.cauldronFilled":22,"stat.pickup.gregtech.ore_sulfur_0":449,"stat.useItem.gregtech.meta_block_frame_103":25,"stat.pickup.thermalexpansion.dynamo":3,"stat.pickup.actuallyadditions.block_crystal":3,"stat.pickup.xtones.lamp_flat":5,"stat.pickup.minecraft.nether_wart":8,"stat.mineBlock.gregtech.ore_granitic_mineral_sand_0":169,"stat.mineBlock.minecraft.enchanting_table":1,"stat.pickup.gregtech.fluid_pipe_normal":13,"stat.useItem.gregtech.hoe":488,"stat.mineBlock.gregtech.ore_cassiterite_0":185,"stat.pickup.minecraft.string":356,"stat.pickup.gregtech.hammer":1,"stat.useItem.storagedrawers.customdrawers":20,"stat.useItem.minecraft.milk_bucket":1,"stat.useItem.architecturecraft.shape":2,"stat.sprintOneCm":2935163,"stat.useItem.extrautils2.drum":37,"stat.mineBlock.minecraft.stone_slab":19,"stat.pickup.gregtech.ore_granitic_mineral_sand_0":169,"stat.pickup.chisel.antiblock":38,"stat.pickup.gregtech.ore_galena_0":154,"stat.craftItem.minecraft.wooden_pressure_plate":1,"stat.craftItem.storagedrawers.trim":2,"stat.useItem.gregtech.mining_hammer":34781,"stat.useItem.gregtech.wire_single":5,"stat.pickup.gregtech.ore_sodalite_0":207,"stat.mineBlock.gregtech.ore_garnierite_0":127,"stat.craftItem.minecraft.emerald":27,"stat.pickup.gregtech.ore_lapis_0":103,"stat.pickup.minecraft.iron_block":7,"stat.craftItem.minecraft.dye":280,"stat.craftItem.forge.bucketfilled":33,"stat.pickup.chisel.stonebrick2":8,"stat.diveOneCm":271630,"stat.pickup.minecraft.wheat":167,"stat.mineBlock.gregtech.metal_casing":135,"stat.craftItem.openglider.hang_glider_basic":1,"stat.pickup.minecraft.obsidian":208,"stat.pickup.tombmanygraves.death_list":1,"stat.craftItem.armorplus.cobalt_boots":2,"stat.jump":9986,"stat.useItem.minecraft.sand":4,"stat.pickup.minecraft.coal":367,"stat.pickup.minecraft.iron_ingot":301,"stat.pickup.thermalfoundation.tome_experience":1,"stat.mineBlock.gregtech.ore_lazurite_0":262,"stat.craftItem.gregtech.hoe":1,"stat.pickup.minecraft.gunpowder":350,"stat.craftItem.minecraft.torch":80,"stat.pickup.minecraft.dirt":175,"stat.craftItem.gregtech.meta_stick_long":40,"stat.craftItem.gregtech.wire_quadruple":6,"stat.useItem.minecraft.sapling":126,"stat.mineBlock.xtones.zeta":45,"stat.mineBlock.minecraft.glass_pane":22,"stat.damageTaken":12686,"stat.craftItem.gregtech.planks":394,"stat.mineBlock.minecraft.torch":4,"stat.mineBlock.minecraft.red_flower":8,"stat.craftItem.extrautils2.drum":18,"stat.mineBlock.minecraft.sapling":43,"stat.pickup.minecraft.log2":28,"stat.craftItem.minecraft.glowstone":9,"stat.cauldronUsed":1,"stat.drop.enderio.item_dark_steel_sword":1,"stat.mineBlock.xtones.lamp_flat":4,"stat.pickup.minecraft.quartz_block":1,"stat.craftItem.chisel.chisel_hitech":1,"stat.mineBlock.extrautils2.drum":14,"stat.craftItem.openglider.hang_glider_part":3,"stat.craftItem.minecraft.stone_slab":71,"stat.animalsBred":4,"stat.useItem.minecraft.chest":31,"stat.drop.minecraft.wheat":7,"stat.pickup.gregtech.meta_dust_tiny":3,"stat.pickup.gregtech.ore_bentonite_0":51,"stat.useItem.actuallyadditions.item_worm":17,"stat.craftItem.architecturecraft.hammer":1,"stat.mineBlock.gregtech.ore_olivine_0":35,"stat.mineBlock.gregtech.ore_ruby_0":54,"stat.craftItem.gregtech.knife":1,"stat.mineBlock.gregtech.ore_basaltic_mineral_sand_0":219,"stat.useItem.chisel.antiblock":21,"stat.useItem.minecraft.stained_hardened_clay":11,"stat.pickup.minecraft.ender_pearl":28,"stat.pickup.gregtech.stone_smooth":153,"stat.mineBlock.gregtech.ore_stibnite_0":46,"stat.pickup.actuallyadditions.item_coffee_beans":14,"stat.useItem.minecraft.netherrack":93,"stat.mineBlock.minecraft.stonebrick":363,"stat.pickup.extrautils2.drum":60,"stat.pickup.gregtech.ore_chalcopyrite_0":715,"stat.mineBlock.minecraft.glowstone":26,"stat.mobKills":19,"stat.mineBlock.minecraft.bookshelf":10,"stat.craftItem.gregtech.meta_rotor":8,"stat.pickup.minecraft.diamond":35,"stat.pickup.minecraft.iron_horse_armor":3,"stat.pickup.minecraft.beetroot_seeds":19,"stat.pickup.minecraft.torch":22,"stat.craftItem.dimensionaledibles.nether_cake":1,"stat.pickup.gregtech.steam_casing":3,"stat.pickup.xtones.zeta":103,"stat.useItem.gregtech.ore_coal_0":31,"stat.mineBlock.gregtech.ore_coal_0":1142,"stat.craftItem.xtones.lamp_flat":9,"stat.useItem.xtones.zeta":125,"stat.breakItem.gregtech.axe":1,"stat.useItem.minecraft.planks":5,"stat.pickup.minecraft.glowstone_dust":99,"stat.craftItem.gregtech.mining_hammer":7,"stat.pickup.minecraft.glass":106,"stat.craftItem.architecturecraft.sawbench":1,"stat.mineBlock.gregtech.ore_vanadium_magnetite_0":128,"stat.useItem.minecraft.water_bucket":23,"stat.pickup.minecraft.sand":639,"stat.useItem.enderio.item_dark_steel_sword":48,"stat.drop.enderio.item_travel_staff":1,"stat.pickup.minecraft.name_tag":5,"stat.craftItem.gregtech.axe":6,"stat.mineBlock.minecraft.sand":616,"stat.mineBlock.gregtech.ore_pyrite_0":205,"stat.craftItem.contenttweaker.excitationcoil":1,"stat.useItem.minecraft.fence_gate":1,"stat.mineBlock.gregtech.ore_nickel_0":84,"stat.mineBlock.architecturecraft.sawbench":1,"stat.trappedChestTriggered":310,"stat.pickup.actuallyadditions.item_worm":21,"stat.pickup.gregtech.meta_ingot":2667,"stat.craftItem.gregtech.saw":3,"stat.craftItem.gregtech.machine":67,"stat.craftItem.enderio.item_material":137,"stat.drop.gregtech.meta_ingot":21,"stat.pickup.gregtech.ore_yellow_limonite_0":48,"stat.craftItem.gregtech.fluid_pipe_large":4,"stat.useItem.gregtech.ore_sulfur_0":7,"stat.useItem.gregtech.fluid_pipe_small":48,"stat.pickup.gregtech.ore_graphite_0":147,"stat.pickup.actuallyadditions.item_solidified_experience":30,"stat.craftItem.thermalfoundation.material":3,"stat.pickup.gregtech.ore_pyrite_0":199,"stat.pickup.minecraft.furnace":36,"stat.useItem.minecraft.redstone":1,"stat.drop.minecraft.stained_hardened_clay":1,"stat.craftItem.gregtech.meta_block_compressed_3":3,"stat.pickup.minecraft.cyan_glazed_terracotta":7,"stat.pickup.minecraft.iron_chestplate":1,"stat.useItem.gregtech.item_pipe_small":9,"stat.pickup.gregtech.meta_item_1":1512,"stat.pickup.gregtech.mining_hammer":5,"stat.craftItem.minecraft.fence_gate":1,"stat.pickup.gregtech.ore_ruby_0":54,"stat.pickup.minecraft.pumpkin_seeds":18,"stat.craftItem.chisel.chisel_diamond":1,"stat.craftItem.gregtech.meta_ingot":5822,"stat.useItem.gregtech.fluid_pipe_normal":27,"stat.pickup.minecraft.saddle":8,"stat.mineBlock.gregtech.ore_bentonite_0":51,"stat.mineBlock.actuallyadditions.block_giant_chest":1,"stat.craftItem.gregtech.meta_item_1":1221,"stat.playOneMinute":2895414,"stat.pickup.minecraft.diamond_block":3,"stat.mineBlock.actuallyadditions.block_wild":6,"stat.breakItem.gregtech.saw":2,"stat.useItem.gregtech.rubber_log":3,"stat.drop.minecraft.chest":52,"stat.pickup.minecraft.iron_bars":39,"stat.pickup.minecraft.netherrack":4444,"stat.mineBlock.minecraft.netherrack":4615,"stat.craftItem.gregtech.fluid_pipe_small":61,"stat.useItem.chisel.stonebrick2":41,"stat.craftItem.storagedrawers.framingtable":1,"stat.craftItem.minecraft.flint":18,"stat.pickup.gregtech.ore_zeolite_0":389,"stat.craftItem.gregtech.meta_block_frame_16":6,"stat.pickup.chisel.marblepillar":12,"stat.mineBlock.minecraft.gold_block":4,"stat.craftItem.minecraft.iron_nugget":9828,"stat.craftItem.minecraft.iron_hoe":1,"stat.fallOneCm":371906,"stat.craftItem.hooked.hook":1,"stat.useItem.minecraft.trapped_chest":3,"stat.pickup.minecraft.melon_seeds":53,"stat.pickup.gregtech.machine":87,"stat.mineBlock.gregtech.planks":9,"stat.useItem.minecraft.iron_hoe":1,"stat.mineBlock.gregtech.ore_yellow_limonite_0":48,"stat.mineBlock.gregtech.machine":84,"stat.mineBlock.gregtech.rubber_sapling":16,"stat.craftItem.hooked.microcrafting":8,"stat.useItem.chesttransporter.chesttransporter_obsidian":32,"stat.pickup.minecraft.feather":33,"stat.drop.enderio.item_basic_capacitor":5,"stat.pickup.minecraft.record_cat":1,"stat.mineBlock.gregtech.ore_cinnabar_0":33,"stat.craftItem.gregtech.fluid_pipe_normal":33,"stat.useItem.minecraft.furnace":7,"stat.mineBlock.architecturecraft.shape":1,"stat.drop.gregtech.meta_item_1":8,"stat.killEntity.Llama":4,"stat.pickup.gregtech.ore_malachite_0":9,"stat.craftItem.thermalfoundation.tool.excavator_diamond":1,"stat.useItem.gregtech.wire_cutter":2,"stat.pickup.gregtech.saw":1,"stat.mineBlock.minecraft.gravel":127,"stat.craftItem.gregtech.meta_block_frame_20":11,"stat.breakItem.gregtech.file":2,"stat.craftItem.minecraft.gray_glazed_terracotta":8,"stat.pickup.minecraft.record_13":4,"stat.craftItem.minecraft.cyan_glazed_terracotta":7,"stat.useItem.minecraft.torch":30,"stat.pickup.minecraft.golden_apple":8,"stat.pickup.gregtech.ore_silver_0":37,"stat.pickup.gregtech.wire_cutter":1,"stat.craftItem.minecraft.redstone_block":128,"stat.mineBlock.gregtech.ore_sphalerite_0":78,"stat.pickup.minecraft.crafting_table":8,"stat.useItem.minecraft.log":1,"stat.useItem.gregtech.meta_item_1":31,"stat.mineBlock.gregtech.ore_pentlandite_0":31,"stat.pickup.gregtech.ore_stibnite_0":46,"stat.pickup.minecraft.redstone_block":124,"stat.pickup.minecraft.log":741,"stat.drop.minecraft.stonebrick":1,"stat.mineBlock.gregtech.ore_fullers_earth_0":108,"stat.craftItem.gregtech.machine_casing":9,"stat.pickup.minecraft.sapling":382,"stat.drop.minecraft.melon_seeds":4,"stat.mineBlock.minecraft.iron_block":7,"stat.useItem.thermalfoundation.tool.excavator_diamond":285,"stat.pickup.gregtech.ore_brown_limonite_0":1,"stat.pickup.enderio.item_travel_staff":4,"stat.craftItem.toolbelt.belt":1,"stat.mineBlock.gregtech.ore_magnesite_0":111,"stat.mineBlock.gregtech.ore_silver_0":37,"stat.craftItem.thermalfoundation.tome_experience":1,"stat.craftItem.minecraft.sugar":2,"stat.useItem.storagedrawers.trim":1,"stat.sneakTime":46894,"stat.mineBlock.minecraft.cobblestone_wall":9,"stat.drop.minecraft.bucket":1,"stat.pickup.minecraft.stone_slab":48,"stat.pickup.minecraft.yellow_flower":5,"stat.pickup.minecraft.chest":163,"stat.pickup.minecraft.bone":494,"stat.mineBlock.gregtech.ore_galena_0":154,"stat.useItem.gregtech.stone_cobble":9,"stat.mineBlock.gregtech.ore_gypsum_0":52,"stat.swimOneCm":123594,"stat.mineBlock.minecraft.diamond_block":3,"stat.climbOneCm":178088,"stat.craftItem.minecraft.gold_block":1,"stat.pickup.chisel.marble":18,"stat.useItem.minecraft.dirt":42,"stat.pickup.gregtech.ore_coal_0":1044,"stat.craftItem.gregtech.wrench":2,"stat.pickup.minecraft.enchanting_table":1,"stat.craftItem.gregtech.meta_screw":51,"stat.craftItem.extendedcrafting.handheld_table":1,"stat.pickup.minecraft.anvil":10,"stat.pickup.gregtech.meta_block_frame_16":11,"stat.mineBlock.minecraft.magma":305,"stat.pickup.minecraft.cobblestone":18773,"stat.pickup.gregtech.ore_basaltic_mineral_sand_0":217,"stat.pickup.minecraft.gold_block":4,"stat.useItem.gregtech.ore_chalcopyrite_0":47,"stat.mineBlock.minecraft.redstone_block":5,"stat.craftItem.storagedrawers.customdrawers":14,"stat.mineBlock.gregtech.ore_glauconite_sand_0":21,"stat.craftItem.contenttweaker.hand_framing_tool":3,"stat.craftItem.gregtech.meta_ring":26,"stat.pickup.gregtech.meta_plate":280,"stat.useItem.gregtech.planks":17,"stat.mineBlock.gregtech.rubber_leaves":14,"stat.mineBlock.gregtech.ore_tetrahedrite_0":331,"stat.craftItem.minecraft.wooden_slab":4,"stat.craftItem.gregtech.pickaxe":1,"stat.pickup.minecraft.redstone":1352,"stat.useItem.gregtech.rubber_sapling":193,"stat.pickup.minecraft.mutton":15,"stat.pickup.gregtech.rubber_sapling":367,"stat.pickup.minecraft.stonebrick":409,"stat.useItem.gregtech.wire_double":2,"stat.pickup.gregtech.ore_redstone_0":221,"stat.craftItem.gregtech.meta_stick":377,"stat.craftItem.minecraft.brick_block":32,"stat.pickup.gregtech.meta_crushed":2970,"stat.craftItem.minecraft.stone_slab2":0,"stat.craftItem.gregtech.meta_nugget":9927,"stat.pickup.actuallyadditions.item_misc":63,"stat.pickup.minecraft.paper":76,"stat.pickup.morefurnaces.furnaceblock":4,"stat.pickup.minecraft.gray_glazed_terracotta":2,"stat.craftItem.minecraft.stick":109,"stat.pickup.gregtech.ore_olivine_0":35,"stat.pickup.gregtech.ore_iron_0":105,"stat.craftItem.gregtech.meta_gear":4,"stat.craftItem.thermalexpansion.dynamo":1,"stat.useItem.minecraft.stone_slab":23,"stat.pickup.gregtech.metal_casing":136,"stat.mineBlock.gregtech.ore_oilsands_0":21,"stat.pickup.storagedrawers.customdrawers":1,"stat.mineBlock.gregtech.ore_calcite_0":59,"stat.craftItem.minecraft.stone":625,"stat.craftItem.gregtech.meta_gear_small":15,"stat.mineBlock.minecraft.crafting_table":7,"stat.mineBlock.gregtech.ore_redstone_0":221,"stat.mineBlock.minecraft.quartz_block":1,"stat.pickup.minecraft.golden_horse_armor":1,"stat.craftItem.armorplus.cobalt_helmet":1,"stat.mineBlock.gregtech.ore_brown_limonite_0":1,"stat.craftItem.gregtech.meta_plate":107,"stat.drop":49,"stat.craftItem.gregtech.mallet":2,"stat.craftItem.actuallyadditions.item_misc":2,"stat.killEntity.Sheep":5,"stat.pickup.minecraft.golden_chestplate":1,"stat.mineBlock.gregtech.meta_block_frame_16":11,"stat.drop.minecraft.bread":1,"stat.craftItem.minecraft.piston":6,"stat.pickup.minecraft.gravel":244,"stat.useItem.chisel.marblepillar":2,"stat.mineBlock.minecraft.anvil":8,"stat.pickup.gregtech.ore_realgar_0":125,"stat.useItem.storagedrawers.basicdrawers":5,"stat.breakItem.gregtech.mining_hammer":2,"stat.pickup.enderio.item_power_conduit":6,"stat.mineBlock.gregtech.steam_casing":3,"stat.mineBlock.gregtech.ore_sulfur_0":467,"stat.craftItem.gregtech.meta_dust_tiny":7,"stat.mineBlock.minecraft.iron_bars":39,"stat.pickup.actuallyadditions.item_coffee_seed":12,"stat.pickup.minecraft.leather":29,"stat.mineBlock.minecraft.furnace":27,"stat.pickup.minecraft.reeds":310,"stat.craftItem.minecraft.netherbrick":4,"stat.useItem.minecraft.magma":22,"stat.pickup.minecraft.emerald_block":3,"stat.pickup.gregtech.rubber_log":1304,"stat.craftItem.storagedrawers.controller":1,"stat.damageDealt":2092,"stat.craftItem.minecraft.bowl":18,"stat.drop.gregtech.meta_dust_tiny":1,"stat.pickup.actuallyadditions.item_canola_seed":16,"stat.killEntity.Cow":6,"stat.walkOneCm":2262300,"stat.pickup.gregtech.ore_diamond_0":48,"stat.craftItem.gregtech.screwdriver":2,"stat.pickup.minecraft.stick":10,"stat.pickup.minecraft.clay_ball":1260,"stat.pickup.enderio.item_dark_steel_boots":14,"stat.craftItem.gregtech.wire_single":382,"stat.mineBlock.minecraft.trapped_chest":4,"stat.useItem.gregtech.steam_casing":19,"stat.mineBlock.gregtech.ore_iron_0":106,"stat.craftItem.actuallyadditions.item_crystal":27,"stat.mineBlock.chisel.basalt2":16,"stat.craftItem.gregtech.wire_cutter":3,"stat.craftItem.gregtech.meta_spring":1,"stat.useItem.minecraft.redstone_block":6,"stat.pickup.gregtech.meta_dust":2817,"stat.pickup.minecraft.stone":51,"stat.craftItem.minecraft.redstone":1551,"stat.pickup.minecraft.gold_ingot":276,"stat.mineBlock.gregtech.rubber_log":970,"stat.mineBlock.gregtech.stone_smooth":1802,"stat.craftItem.architecturecraft.largepulley":1,"stat.craftItem.gregtech.meta_bolt":115,"stat.killEntity.Chicken":4,"stat.pickup.minecraft.netherbrick":4,"stat.pickup.minecraft.bread":17,"stat.pickup.minecraft.quartz":101,"stat.craftItem.minecraft.fence":20,"stat.useItem.gregtech.stone_smooth":89,"stat.mineBlock.minecraft.leaves":81,"stat.craftItem.gregtech.meta_dust":1284,"stat.craftItem.minecraft.tripwire_hook":4,"stat.craftItem.minecraft.brick":512,"stat.mineBlock.minecraft.stone":18638,"stat.craftItem.actuallyadditions.block_giant_chest":4}