{"stat.mineBlock.gregtech.ore_coal_0":1,"stat.pickup.minecraft.bone":64,"stat.mineBlock.gregtech.ore_zeolite_0":3,"stat.leaveGame":13,"stat.craftItem.thermalfoundation.wrench":1,"stat.useItem.gregtech.stone_cobble":10,"stat.useItem.xtones.zeta":2,"stat.craftItem.simplyjetpacks.metaitem":7,"stat.useItem.gregtech.wrench":7,"stat.mineBlock.minecraft.yellow_flower":2,"stat.drop.gregtech.wrench":1,"stat.swimOneCm":34989,"stat.climbOneCm":46919,"stat.useItem.minecraft.dirt":6,"stat.useItem.minecraft.stone_slab2":52,"stat.useItem.minecraft.water_bucket":6,"stat.pickup.minecraft.sand":496,"stat.craftItem.gregtech.wrench":1,"stat.pickup.gregtech.ore_coal_0":1,"stat.craftItem.minecraft.lapis_block":1,"stat.mineBlock.gregtech.ore_graphite_0":7,"stat.pickup.minecraft.cobblestone_wall":4,"stat.pickup.minecraft.cobblestone":938,"stat.mineBlock.minecraft.clay":5,"stat.flyOneCm":363539,"stat.pickup.gregtech.meta_plate":56,"stat.craftItem.gregtech.meta_ring":2,"stat.mineBlock.minecraft.sand":499,"stat.mineBlock.gregtech.ore_tetrahedrite_0":96,"stat.mineBlock.gregtech.ore_diamond_0":2,"stat.craftItem.gregtech.meta_tool_head_drill":1,"stat.timeSinceDeath":487508,"stat.pickup.gregtech.ore_bornite_0":6,"stat.pickup.gregtech.stone_cobble":32,"stat.pickup.gregtech.wire_quadruple":3,"stat.trappedChestTriggered":3,"stat.pickup.projectred-transmission.wire":6,"stat.pickup.gregtech.rubber_sapling":17,"stat.craftItem.gregtech.machine":10,"stat.mineBlock.chisel.marble1":4,"stat.pickup.minecraft.stonebrick":9,"stat.drop.gregtech.machine":1,"stat.mineBlock.gregtech.ore_cassiterite_0":2,"stat.pickup.gregtech.ore_graphite_0":7,"stat.pickup.actuallyadditions.item_solidified_experience":25,"stat.pickup.gregtech.ore_tetrahedrite_0":96,"stat.pickup.minecraft.beef":39,"stat.craftItem.gregtech.meta_tool_head_chainsaw":1,"stat.craftItem.minecraft.stone_slab2":0,"stat.sprintOneCm":257509,"stat.pickup.actuallyadditions.item_misc":3,"stat.mineBlock.minecraft.stone_slab":13,"stat.useItem.gregtech.wire_quadruple":2,"stat.useItem.gregtech.item_pipe_small":2,"stat.pickup.gregtech.meta_item_1":30,"stat.pickup.gregtech.drill_lv":2,"stat.useItem.minecraft.flint_and_steel":256,"stat.craftItem.gregtech.meta_gear_small":10,"stat.pickup.armorplus.cobalt_chestplate":1,"stat.craftItem.chisel.chisel_diamond":1,"stat.craftItem.gregtech.meta_ingot":68,"stat.useItem.gregtech.chainsaw_lv":837,"stat.useItem.minecraft.dye":161,"stat.craftItem.gregtech.meta_item_1":150,"stat.useItem.gregtech.drill_lv":3776,"stat.useItem.gregtech.mining_hammer":928,"stat.mineBlock.dimensionaledibles.overworld_cake":1,"stat.pickup.armorplus.cobalt_helmet":1,"stat.deaths":1,"stat.mineBlock.gregtech.ore_bornite_0":6,"stat.drop":2,"stat.playOneMinute":631332,"stat.pickup.gregtech.ore_cassiterite_0":2,"stat.craftItem.gregtech.cable_quadruple":2,"stat.mineBlock.actuallyadditions.block_wild":1,"stat.craftItem.gregtech.meta_tool_head_buzz_saw":1,"stat.craftItem.minecraft.dye":192,"stat.pickup.chisel.marble1":4,"stat.pickup.minecraft.netherrack":2574,"stat.mineBlock.minecraft.tallgrass":19,"stat.craftItem.toolbelt.pouch":7,"stat.diveOneCm":71683,"stat.pickup.minecraft.wheat":179,"stat.craftItem.gregtech.drill_lv":1,"stat.chestOpened":66,"stat.mineBlock.gregtech.ore_topaz_0":54,"stat.mineBlock.minecraft.netherrack":2530,"stat.pickup.gregtech.ore_zeolite_0":3,"stat.pickup.tombmanygraves.death_list":1,"stat.pickup.armorplus.cobalt_boots":1,"stat.jump":1307,"stat.useItem.gregtech.butchery_knife":39,"stat.fallOneCm":40592,"stat.pickup.thermalfoundation.tome_experience":1,"stat.pickup.gregtech.machine":12,"stat.crouchOneCm":4958,"stat.mineBlock.minecraft.chest":1,"stat.pickup.minecraft.dirt":73,"stat.mineBlock.gregtech.machine":11,"stat.craftItem.gregtech.meta_dust_tiny":3,"stat.craftItem.gregtech.wire_quadruple":2,"stat.mineBlock.xtones.zeta":3,"stat.useItem.minecraft.sapling":340,"stat.craftItem.minecraft.flint_and_steel":4,"stat.craftItem.hooked.microcrafting":4,"stat.pickup.gregtech.wrench":1,"stat.pickup.actuallyadditions.item_coffee_seed":3,"stat.useItem.chisel.marble1":3,"stat.damageTaken":2414,"stat.pickup.minecraft.leather":33,"stat.mineBlock.minecraft.red_flower":7,"stat.useItem.minecraft.reeds":4,"stat.pickup.gregtech.ore_barite_0":43,"stat.mineBlock.minecraft.sapling":15,"stat.pickup.minecraft.reeds":92,"stat.pickup.minecraft.wheat_seeds":173,"stat.pickup.enderio.item_material":86,"stat.craftItem.gregtech.chainsaw_lv":1,"stat.pickup.gregtech.rubber_log":30,"stat.damageDealt":1458,"stat.pickup.actuallyadditions.item_canola_seed":2,"stat.killEntity.Cow":15,"stat.mineBlock.minecraft.dirt":74,"stat.pickup.gregtech.wire_single":46,"stat.mineBlock.gregtech.ore_barite_0":43,"stat.walkOneCm":911504,"stat.animalsBred":7,"stat.pickup.gregtech.ore_diamond_0":2,"stat.pickup.minecraft.clay_ball":12,"stat.useItem.minecraft.cobblestone":15,"stat.useItem.gregtech.meta_item_1":2,"stat.mineBlock.gregtech.ore_certus_quartz_0":357,"stat.useItem.toolbelt.belt":2,"stat.pickup.gregtech.ore_stibnite_0":10,"stat.craftItem.gregtech.wire_cutter":1,"stat.pickup.minecraft.log":792,"stat.craftItem.gregtech.machine_casing":7,"stat.pickup.minecraft.sapling":395,"stat.mineBlock.gregtech.ore_stibnite_0":10,"stat.pickup.minecraft.apple":32,"stat.pickup.gregtech.ore_certus_quartz_0":320,"stat.mineBlock.gregtech.ore_chalcopyrite_0":4,"stat.pickup.actuallyadditions.item_coffee_beans":3,"stat.useItem.minecraft.netherrack":19,"stat.mineBlock.gregtech.rubber_log":30,"stat.craftItem.toolbelt.belt":1,"stat.pickup.armorplus.cobalt_leggings":1,"stat.mineBlock.gregtech.stone_smooth":32,"stat.pickup.gregtech.ore_topaz_0":54,"stat.craftItem.minecraft.bucket":1,"stat.craftItem.gregtech.meta_bolt":44,"stat.mineBlock.minecraft.stonebrick":9,"stat.pickup.gregtech.ore_chalcopyrite_0":4,"stat.mobKills":15,"stat.mineBlock.minecraft.log":792,"stat.craftItem.thermalfoundation.tome_experience":1,"stat.mineBlock.minecraft.leaves":63,"stat.craftItem.gregtech.meta_dust":46,"stat.craftItem.minecraft.paper":87,"stat.pickup.minecraft.red_flower":7,"stat.sneakTime":4157,"stat.mineBlock.minecraft.cobblestone_wall":4,"stat.pickup.minecraft.stone_slab":24,"stat.pickup.xtones.zeta":3,"stat.pickup.minecraft.yellow_flower":2,"stat.mineBlock.minecraft.stone":968,"stat.pickup.minecraft.chest":1}