{"stat.craftItem.littletiles.saw":1,"stat.craftItem.armorplus.cobalt_leggings":2,"stat.pickup.gregtech.ore_gold_0":342,"stat.useItem.gregtech.wrench":81,"stat.mineBlock.minecraft.stained_glass":49,"stat.craftItem.gregtech.stone_smooth":669,"stat.pickup.xtones.zorg":67,"stat.mineBlock.minecraft.web":25,"stat.useItem.xtones.lamp_flat":85,"stat.pickup.gregtech.ore_oilsands_0":21,"stat.pickup.gregtech.ore_uraninite_0":79,"stat.pickup.minecraft.rotten_flesh":381,"stat.pickup.enderio.item_conduit_probe":2,"stat.useItem.chisel.marble":19,"stat.pickup.minecraft.cobblestone_wall":9,"stat.pickup.minecraft.bucket":16,"stat.mineBlock.minecraft.emerald_block":3,"stat.pickup.minecraft.brown_mushroom":1,"stat.craftItem.xtones.zion":40,"stat.mineBlock.gregtech.ore_lepidolite_0":67,"stat.craftItem.extrautils2.machine":2,"stat.pickup.minecraft.stained_hardened_clay":1977,"stat.pickup.architecturecraft.sawbench":2,"stat.craftItem.gregtech.cable_single":730,"stat.pickup.gregtech.item_pipe_small":34,"stat.pickup.enderio.item_basic_capacitor":56,"stat.mineBlock.chisel.marble2":996,"stat.mineBlock.chisel.marble1":291,"stat.pickup.gregtech.meta_dust_impure":3416,"stat.useItem.actuallyadditions.item_coffee_seed":33,"stat.furnaceInteraction":276,"stat.craftItem.simplyjetpacks.itemjetpack":1,"stat.pickup.gregtech.ore_fullers_earth_0":108,"stat.pickup.gregtech.ore_magnesite_0":111,"stat.useItem.minecraft.fence":11,"stat.pickup.actuallyadditions.item_crystal":94,"stat.mineBlock.storagedrawers.customdrawers":1,"stat.useItem.minecraft.wheat_seeds":141,"stat.craftItem.minecraft.silver_glazed_terracotta":2,"stat.pickup.gregtech.meta_stick":40,"stat.pickup.minecraft.emerald":43,"stat.useItem.gregtech.metal_casing":255,"stat.deaths":8,"stat.pickup.gregtech.ore_cassiterite_0":320,"stat.craftItem.minecraft.iron_pickaxe":2,"stat.drop.minecraft.iron_ingot":1,"stat.craftItem.toolbelt.pouch":5,"stat.craftItem.gregtech.drill_lv":3,"stat.chestOpened":1793,"stat.pickup.gregtech.ore_vanadium_magnetite_0":456,"stat.pickup.minecraft.iron_sword":1,"stat.mineBlock.gregtech.wire_coil":44,"stat.craftItem.minecraft.coal":2902,"stat.craftItem.gregtech.meta_plate_double":74,"stat.pickup.enderio.item_alloy_ingot":39,"stat.crouchOneCm":214179,"stat.craftItem.minecraft.diamond":75,"stat.mineBlock.gregtech.ore_malachite_0":36,"stat.craftItem.minecraft.iron_ingot":3423,"stat.craftingTableInteraction":43,"stat.craftItem.thermalexpansion.satchel":4,"stat.mineBlock.minecraft.log2":14,"stat.pickup.gregtech.ore_pyrope_0":905,"stat.craftItem.enderio.item_power_conduit":1,"stat.pickup.minecraft.dye":301,"stat.pickup.minecraft.planks":98,"stat.pickup.gregtech.fluid_pipe_large":7,"stat.craftItem.gregtech.hammer":3,"stat.pickup.enderio.item_material":330,"stat.mineBlock.gregtech.ore_pyrope_0":572,"stat.craftItem.littletiles.recipeadvanced":1,"stat.drop.enderio.item_material":5,"stat.craftItem.enderio.item_alloy_nugget":234,"stat.useItem.xtones.zorg":36,"stat.pickup.minecraft.magma":275,"stat.mineBlock.gregtech.ore_bauxite_0":4,"stat.useItem.contenttweaker.hand_framing_tool":26,"stat.useItem.gregtech.wire_hex":10,"stat.useItem.toolbelt.belt":1,"stat.useItem.actuallyadditions.item_canola_seed":72,"stat.craftItem.gregtech.meta_tool_head_screwdriver":1,"stat.drop.gregtech.meta_dust_impure":1626,"stat.pickup.minecraft.chicken":10,"stat.craftItem.gregtech.crowbar":1,"stat.craftItem.minecraft.bucket":1,"stat.craftItem.minecraft.planks":642,"stat.pickup.gregtech.ore_pentlandite_0":81,"stat.mineBlock.gregtech.ore_gold_0":292,"stat.useItem.minecraft.stonebrick":134,"stat.pickup.minecraft.book":128,"stat.craftItem.xtones.zeta":84,"stat.mineBlock.gregtech.ore_zeolite_0":631,"stat.mineBlock.minecraft.cobblestone":417,"stat.pickup.gregtech.meta_crushed_centrifuged":78,"stat.pickup.minecraft.flint":26,"stat.craftItem.simplyjetpacks.metaitemmods":2,"stat.pickup.minecraft.flower_pot":2,"stat.mineBlock.gregtech.ore_realgar_0":161,"stat.mineBlock.minecraft.stained_glass_pane":27,"stat.pickup.enderio.item_dark_steel_sword":10,"stat.drop.minecraft.cyan_glazed_terracotta":1,"stat.craftItem.architecturecraft.sawblade":1,"stat.mineBlock.chisel.marble":50,"stat.useItem.minecraft.stone_slab2":947,"stat.pickup.actuallyadditions.block_giant_chest":1,"stat.pickup.minecraft.iron_boots":2,"stat.pickup.minecraft.diamond_horse_armor":4,"stat.pickup.gregtech.ore_almandine_0":1736,"stat.craftItem.minecraft.furnace":3,"stat.useItem.gregtech.pickaxe":781,"stat.mineBlock.gregtech.ore_graphite_0":147,"stat.useItem.gregtech.boiler_firebox_casing":10,"stat.mineBlock.minecraft.clay":493,"stat.craftItem.gregtech.steam_casing":20,"stat.mineBlock.gregtech.ore_diamond_0":48,"stat.pickup.architecturecraft.shape":1,"stat.mineBlock.gregtech.ore_uraninite_0":79,"stat.pickup.gregtech.ore_sulfur_0":1023,"stat.useItem.gregtech.meta_block_frame_103":39,"stat.pickup.thermalexpansion.dynamo":3,"stat.mineBlock.gregtech.ore_green_sapphire_0":161,"stat.pickup.actuallyadditions.block_crystal":3,"stat.mineBlock.gregtech.ore_granitic_mineral_sand_0":169,"stat.useItem.gregtech.hoe":488,"stat.craftItem.gregtech.meta_dust_small":64,"stat.pickup.gregtech.hammer":3,"stat.killEntity.Squid":9,"stat.sprintOneCm":5476572,"stat.mineBlock.minecraft.stone_slab":24,"stat.mineBlock.xtones.zion":56,"stat.pickup.gregtech.ore_galena_0":154,"stat.craftItem.storagedrawers.trim":2,"stat.pickup.gregtech.ore_sodalite_0":207,"stat.craftItem.minecraft.emerald":27,"stat.pickup.gregtech.ore_lapis_0":141,"stat.pickup.minecraft.iron_block":7,"stat.craftItem.minecraft.dye":280,"stat.pickup.minecraft.wheat":693,"stat.pickup.gregtech.boiler_casing":2,"stat.craftItem.openglider.hang_glider_basic":1,"stat.pickup.minecraft.obsidian":208,"stat.mineBlock.gregtech.machine_casing":1,"stat.pickup.minecraft.coal":1362,"stat.pickup.minecraft.iron_ingot":317,"stat.pickup.thermalfoundation.tome_experience":2,"stat.mineBlock.gregtech.ore_lazurite_0":324,"stat.craftItem.minecraft.lever":2,"stat.pickup.minecraft.gunpowder":396,"stat.pickup.minecraft.dirt":1203,"stat.craftItem.gregtech.wire_quadruple":229,"stat.mineBlock.xtones.zeta":238,"stat.mineBlock.minecraft.torch":26,"stat.mineBlock.minecraft.red_flower":8,"stat.craftItem.extrautils2.drum":18,"stat.craftItem.minecraft.glowstone":45,"stat.craftItem.gregtech.screwdriver_lv":1,"stat.craftItem.gregtech.chainsaw_lv":1,"stat.mineBlock.extrautils2.drum":39,"stat.craftItem.thermalfoundation.tool.shears_diamond":1,"stat.drop.minecraft.wheat":7,"stat.craftItem.projectred-core.screwdriver":1,"stat.pickup.gregtech.meta_dust_tiny":264,"stat.pickup.gregtech.ore_bentonite_0":339,"stat.useItem.minecraft.lava_bucket":5,"stat.useItem.actuallyadditions.item_worm":17,"stat.mineBlock.gregtech.ore_almandine_0":885,"stat.drop.minecraft.netherrack":2,"stat.mineBlock.gregtech.ore_olivine_0":120,"stat.drop.xtones.zeta":1,"stat.mineBlock.gregtech.ore_ruby_0":173,"stat.craftItem.gregtech.knife":2,"stat.mineBlock.gregtech.ore_basaltic_mineral_sand_0":219,"stat.useItem.minecraft.stained_hardened_clay":22,"stat.pickup.gregtech.stone_smooth":157,"stat.pickup.actuallyadditions.item_coffee_beans":14,"stat.pickup.extrautils2.drum":151,"stat.mobKills":46,"stat.mineBlock.minecraft.bookshelf":40,"stat.craftItem.gregtech.meta_rotor":14,"stat.pickup.minecraft.diamond":40,"stat.pickup.minecraft.beetroot_seeds":34,"stat.craftItem.dimensionaledibles.nether_cake":1,"stat.pickup.gregtech.steam_casing":3,"stat.pickup.gregtech.ore_quartzite_0":7,"stat.craftItem.xtones.lamp_flat":94,"stat.useItem.xtones.zeta":196,"stat.useItem.minecraft.bookshelf":15,"stat.craftItem.simplyjetpacks.metaitem":6,"stat.mineBlock.gregtech.ore_mica_0":3,"stat.pickup.gregtech.ore_nickel_0":242,"stat.pickup.minecraft.glowstone_dust":884,"stat.craftItem.architecturecraft.sawbench":1,"stat.mineBlock.minecraft.stone_brick_stairs":24,"stat.drop.enderio.item_travel_staff":2,"stat.mineBlock.minecraft.sand":778,"stat.useItem.minecraft.fence_gate":1,"stat.pickup.gregtech.ore_spodumene_0":41,"stat.pickup.minecraft.armor_stand":1,"stat.trappedChestTriggered":350,"stat.craftItem.gregtech.machine":224,"stat.craftItem.enderio.item_material":137,"stat.drop.gregtech.meta_ingot":21,"stat.pickup.gregtech.ore_yellow_limonite_0":216,"stat.craftItem.storagedrawers.upgrade_template":4,"stat.useItem.gregtech.ore_sulfur_0":7,"stat.useItem.gregtech.fluid_pipe_small":50,"stat.craftItem.thermalfoundation.material":8,"stat.pickup.gregtech.ore_pyrite_0":209,"stat.drop.minecraft.stained_hardened_clay":1,"stat.craftItem.minecraft.fence_gate":1,"stat.pickup.minecraft.pumpkin_seeds":28,"stat.craftItem.chisel.chisel_diamond":1,"stat.craftItem.gregtech.meta_ingot":8042,"stat.useItem.gregtech.fluid_pipe_normal":31,"stat.pickup.minecraft.saddle":11,"stat.craftItem.gregtech.meta_item_1":2076,"stat.mineBlock.actuallyadditions.block_wild":6,"stat.drop.minecraft.chest":52,"stat.pickup.gregtech.meta_block_frame_103":60,"stat.pickup.minecraft.netherrack":4469,"stat.useItem.chisel.stonebrick2":41,"stat.craftItem.gregtech.meta_block_frame_17":4,"stat.craftItem.minecraft.flint":56,"stat.craftItem.gregtech.meta_block_frame_16":9,"stat.pickup.chisel.marblepillar":53,"stat.craftItem.actuallyadditions.item_canola_seed":44,"stat.pickup.armorplus.cobalt_boots":1,"stat.mineBlock.minecraft.gold_block":4,"stat.craftItem.minecraft.iron_hoe":1,"stat.craftItem.hooked.hook":4,"stat.useItem.minecraft.trapped_chest":3,"stat.pickup.minecraft.melon_seeds":58,"stat.mineBlock.gregtech.planks":9,"stat.mineBlock.gregtech.machine":367,"stat.mineBlock.gregtech.rubber_sapling":36,"stat.craftItem.hooked.microcrafting":8,"stat.useItem.chesttransporter.chesttransporter_obsidian":32,"stat.drop.enderio.item_basic_capacitor":5,"stat.useItem.minecraft.furnace":7,"stat.mineBlock.architecturecraft.shape":1,"stat.pickup.gregtech.boiler_firebox_casing":8,"stat.drop.gregtech.meta_item_1":11,"stat.killEntity.Llama":4,"stat.useItem.gregtech.wire_cutter":52,"stat.mineBlock.minecraft.gravel":154,"stat.useItem.gregtech.wire_octal":27,"stat.craftItem.gregtech.meta_block_frame_20":14,"stat.craftItem.minecraft.gray_glazed_terracotta":8,"stat.craftItem.minecraft.cyan_glazed_terracotta":7,"stat.pickup.minecraft.flint_and_steel":1,"stat.useItem.minecraft.torch":39,"stat.pickup.minecraft.golden_apple":8,"stat.pickup.gregtech.ore_silver_0":37,"stat.pickup.gregtech.wire_cutter":1,"stat.craftItem.minecraft.redstone_block":515,"stat.mineBlock.gregtech.ore_sphalerite_0":78,"stat.pickup.minecraft.crafting_table":8,"stat.useItem.minecraft.log":2,"stat.useItem.gregtech.meta_item_1":151,"stat.pickup.gregtech.ore_stibnite_0":46,"stat.pickup.minecraft.redstone_block":127,"stat.drop.minecraft.stonebrick":1,"stat.mineBlock.xtones.zorg":67,"stat.craftItem.minecraft.stone_button":1,"stat.pickup.gregtech.machine_casing":1,"stat.craftItem.gregtech.machine_casing":65,"stat.pickup.minecraft.sapling":2099,"stat.drop.minecraft.melon_seeds":4,"stat.pickup.enderio.item_travel_staff":6,"stat.mineBlock.gregtech.ore_magnesite_0":111,"stat.craftItem.thermalexpansion.capacitor":5,"stat.craftItem.thermalfoundation.tome_experience":1,"stat.pickup.minecraft.golden_sword":1,"stat.craftItem.minecraft.sugar":2,"stat.pickup.gregtech.wire_octal":22,"stat.drop.minecraft.bucket":1,"stat.pickup.minecraft.stone_slab":58,"stat.pickup.minecraft.yellow_flower":5,"stat.pickup.minecraft.bone":577,"stat.useItem.gregtech.stone_cobble":23,"stat.drop.gregtech.wrench":1,"stat.pickup.gregtech.ore_mica_0":6,"stat.craftItem.gregtech.buzzsaw":1,"stat.climbOneCm":199804,"stat.pickup.gregtech.meta_block_frame_20":15,"stat.craftItem.littletiles.container":1,"stat.craftItem.minecraft.gold_block":1,"stat.pickup.chisel.marble":50,"stat.pickup.minecraft.anvil":11,"stat.pickup.gregtech.meta_block_frame_16":12,"stat.pickup.minecraft.cobblestone":44122,"stat.useItem.gregtech.ore_chalcopyrite_0":57,"stat.craftItem.armorplus.cobalt_chestplate":1,"stat.pickup.gregtech.meta_plate":287,"stat.useItem.gregtech.planks":17,"stat.pickup.gregtech.ore_sapphire_0":351,"stat.mineBlock.gregtech.ore_tetrahedrite_0":331,"stat.breakItem.gregtech.hammer":1,"stat.pickup.minecraft.redstone":6157,"stat.pickup.projectred-transmission.wire":16,"stat.craftItem.xtones.zorg":80,"stat.mineBlock.gregtech.ore_rock_salt_0":162,"stat.pickup.gregtech.rubber_sapling":829,"stat.useItem.gregtech.wire_double":5,"stat.drop.minecraft.dirt":2,"stat.craftItem.gregtech.meta_stick":489,"stat.craftItem.gregtech.meta_nugget":12466,"stat.craftItem.effortlessbuilding.reach_upgrade2":1,"stat.craftItem.effortlessbuilding.reach_upgrade1":1,"stat.pickup.minecraft.paper":76,"stat.pickup.morefurnaces.furnaceblock":7,"stat.useItem.gregtech.wire_quadruple":113,"stat.craftItem.minecraft.stick":147,"stat.pickup.gregtech.ore_olivine_0":120,"stat.pickup.gregtech.ore_iron_0":109,"stat.craftItem.thermalinnovation.magnet":4,"stat.craftItem.thermalexpansion.dynamo":2,"stat.pickup.minecraft.golden_horse_armor":3,"stat.useItem.gregtech.chainsaw_lv":11220,"stat.useItem.gregtech.drill_lv":45933,"stat.mineBlock.gregtech.ore_brown_limonite_0":121,"stat.drop":87,"stat.craftItem.actuallyadditions.item_misc":2,"stat.killEntity.Sheep":7,"stat.pickup.minecraft.golden_chestplate":2,"stat.drop.minecraft.bread":1,"stat.useItem.gregtech.wire_coil":70,"stat.pickup.gregtech.ore_salt_0":88,"stat.craftItem.minecraft.piston":6,"stat.useItem.chisel.marblepillar":44,"stat.mineBlock.minecraft.anvil":9,"stat.breakItem.gregtech.mining_hammer":2,"stat.useItem.gregtech.wrench_lv":274,"stat.pickup.gregtech.wire_hex":7,"stat.pickup.actuallyadditions.item_coffee_seed":12,"stat.mineBlock.minecraft.furnace":27,"stat.craftItem.minecraft.netherbrick":4,"stat.pickup.minecraft.emerald_block":3,"stat.damageDealt":4687,"stat.craftItem.minecraft.bowl":18,"stat.pickup.actuallyadditions.item_canola_seed":18,"stat.pickup.minecraft.stick":10,"stat.mineBlock.gregtech.ore_salt_0":88,"stat.useItem.gregtech.steam_casing":19,"stat.mineBlock.gregtech.ore_iron_0":110,"stat.craftItem.projectred-transmission.wire":39,"stat.craftItem.minecraft.writable_book":3,"stat.useItem.minecraft.redstone_block":28,"stat.craftItem.minecraft.redstone":1659,"stat.craftItem.architecturecraft.largepulley":1,"stat.craftItem.projectred-core.resource_item":35,"stat.killEntity.Chicken":4,"stat.craftItem.minecraft.fence":20,"stat.useItem.gregtech.stone_smooth":107,"stat.mineBlock.minecraft.leaves":137,"stat.craftItem.minecraft.tripwire_hook":4,"stat.craftItem.actuallyadditions.block_giant_chest":5,"stat.mineBlock.gregtech.ore_lapis_0":122,"stat.leaveGame":116,"stat.craftItem.projectred-integration.gate":4,"stat.craftItem.chesttransporter.chesttransporter_obsidian":2,"stat.craftItem.minecraft.stone_pressure_plate":1,"stat.useItem.elevatorid.elevator_white":2,"stat.mineBlock.gregtech.boiler_casing":2,"stat.craftItem.gregtech.metal_casing":132,"stat.pickup.gregtech.ore_lead_0":21,"stat.pickup.gregtech.ore_tin_0":150,"stat.pickup.minecraft.brick_block":196,"stat.pickup.gregtech.planks":179,"stat.craftItem.chisel.antiblock":9,"stat.pickup.enderio.item_broken_spawner":1,"stat.drop.minecraft.sand":5,"stat.pickup.gregtech.fluid_pipe_small":47,"stat.craftItem.gregtech.meta_tool_head_drill":3,"stat.pickup.gregtech.stone_cobble":5171,"stat.mineBlock.minecraft.brick_block":197,"stat.pickup.gregtech.ore_bauxite_0":8,"stat.useItem.actuallyadditions.block_giant_chest":3,"stat.mineBlock.minecraft.vine":20,"stat.pickup.gregtech.ore_glauconite_sand_0":56,"stat.craftItem.gregtech.item_pipe_small":20,"stat.pickup.gregtech.ore_magnetite_0":1997,"stat.craftItem.littletiles.chisel":1,"stat.pickup.gregtech.ore_tetrahedrite_0":331,"stat.pickup.minecraft.beef":74,"stat.breakItem.gregtech.mortar":2,"stat.craftItem.gregtech.meta_tool_head_chainsaw":1,"stat.mineBlock.gregtech.stone_cobble":23,"stat.pickup.minecraft.cauldron":7,"stat.mineBlock.minecraft.stained_hardened_clay":2011,"stat.mineBlock.gregtech.ore_banded_iron_0":58,"stat.craftItem.gregtech.boiler_casing":1,"stat.pickup.gregtech.ore_copper_0":129,"stat.pickup.gregtech.ore_lazurite_0":386,"stat.useItem.minecraft.dye":425,"stat.pickup.chisel.marble1":292,"stat.pickup.chisel.marble2":1551,"stat.mineBlock.minecraft.tallgrass":66,"stat.pickup.xtones.zion":56,"stat.useItem.minecraft.stone":2,"stat.pickup.minecraft.wooden_pressure_plate":2,"stat.pickup.projectred-integration.gate":3,"stat.mineBlock.elevatorid.elevator_white":3,"stat.craftItem.gregtech.file":4,"stat.useItem.gregtech.butchery_knife":83,"stat.pickup.chisel.basalt2":15,"stat.mineBlock.gregtech.ore_sodalite_0":207,"stat.mineBlock.minecraft.chest":149,"stat.pickup.gregtech.ore_calcite_0":73,"stat.mineBlock.gregtech.ore_copper_0":130,"stat.mineBlock.gregtech.ore_pitchblende_0":208,"stat.craftItem.gregtech.wire_double":289,"stat.useItem.chisel.marble1":119,"stat.useItem.chisel.marble2":81,"stat.useItem.minecraft.reeds":47,"stat.craftItem.minecraft.nether_brick":1,"stat.pickup.minecraft.wheat_seeds":616,"stat.mineBlock.minecraft.glass":10,"stat.mineBlock.gregtech.ore_cobaltite_0":176,"stat.mineBlock.minecraft.dirt":1208,"stat.craftItem.gregtech.meta_block_frame_103":78,"stat.pickup.gregtech.wire_single":613,"stat.pickup.minecraft.brewing_stand":10,"stat.useItem.gregtech.machine_casing":9,"stat.useItem.minecraft.cobblestone":586,"stat.mineBlock.minecraft.double_plant":12,"stat.pickup.minecraft.iron_pickaxe":1,"stat.drop.gregtech.screwdriver":1,"stat.craftItem.minecraft.gold_ingot":303,"stat.useItem.architecturecraft.hammer":24,"stat.mineBlock.chisel.stonebrick2":8,"stat.useItem.gregtech.screwdriver":2,"stat.mineBlock.gregtech.ore_sapphire_0":339,"stat.pickup.minecraft.apple":102,"stat.mineBlock.gregtech.ore_chalcopyrite_0":983,"stat.craftItem.xtones.base":204,"stat.mineBlock.gregtech.meta_block_frame_103":60,"stat.useItem.gregtech.axe":2760,"stat.itemEnchanted":9,"stat.mineBlock.morefurnaces.furnaceblock":7,"stat.mineBlock.gregtech.ore_lead_0":21,"stat.mineBlock.minecraft.log":11049,"stat.craftItem.minecraft.paper":81,"stat.pickup.gregtech.mortar":1,"stat.craftItem.gregtech.butchery_knife":2,"stat.pickup.minecraft.red_flower":9,"stat.pickup.minecraft.wool":114,"stat.useItem.gregtech.machine":88,"stat.mineBlock.chisel.marblepillar":53,"stat.craftItem.minecraft.trapped_chest":4,"stat.pickup.minecraft.trapped_chest":6,"stat.craftItem.gregtech.wire_hex":27,"stat.pickup.gregtech.meta_gem":650,"stat.craftItem.storagedrawers.basicdrawers":10,"stat.mineBlock.minecraft.yellow_flower":5,"stat.craftItem.gregtech.mortar":3,"stat.pickup.minecraft.enchanted_book":7,"stat.pickup.minecraft.glowstone":126,"stat.craftItem.morefurnaces.furnaceblock":18,"stat.pickup.gregtech.ore_sphalerite_0":74,"stat.breakItem.gregtech.wire_cutter":1,"stat.useItem.gregtech.ore_almandine_0":8,"stat.useItem.gregtech.meta_block_frame_16":11,"stat.pickup.gregtech.ore_gypsum_0":52,"stat.useItem.morefurnaces.furnaceblock":1,"stat.mineBlock.gregtech.ore_magnetite_0":1883,"stat.mineBlock.minecraft.obsidian":115,"stat.useItem.gregtech.meta_block_frame_20":11,"stat.useItem.gregtech.ore_nickel_0":3,"stat.useItem.gregtech.boiler_casing":2,"stat.flyOneCm":3810209,"stat.pickup.gregtech.ore_green_sapphire_0":225,"stat.mineBlock.chisel.antiblock":11,"stat.drop.tombmanygraves.death_list":7,"stat.pickup.gregtech.ore_cinnabar_0":157,"stat.craftItem.minecraft.emerald_block":1,"stat.timeSinceDeath":256226,"stat.cauldronFilled":69,"stat.pickup.xtones.lamp_flat":11,"stat.pickup.minecraft.nether_wart":12,"stat.pickup.gregtech.ore_cobaltite_0":127,"stat.mineBlock.minecraft.enchanting_table":2,"stat.useItem.projectred-transmission.wire":19,"stat.pickup.gregtech.fluid_pipe_normal":38,"stat.mineBlock.gregtech.ore_cassiterite_0":318,"stat.pickup.minecraft.string":416,"stat.mineBlock.gregtech.ore_kyanite_0":9,"stat.useItem.storagedrawers.customdrawers":20,"stat.useItem.minecraft.milk_bucket":1,"stat.useItem.architecturecraft.shape":2,"stat.useItem.extrautils2.drum":93,"stat.pickup.gregtech.ore_granitic_mineral_sand_0":169,"stat.pickup.chisel.antiblock":45,"stat.craftItem.minecraft.wooden_pressure_plate":1,"stat.useItem.gregtech.mining_hammer":36662,"stat.useItem.gregtech.wire_single":5,"stat.mineBlock.gregtech.ore_garnierite_0":454,"stat.pickup.chisel.stonebrick2":8,"stat.diveOneCm":381999,"stat.mineBlock.gregtech.metal_casing":250,"stat.pickup.storagedrawers.basicdrawers":4,"stat.pickup.tombmanygraves.death_list":1,"stat.craftItem.armorplus.cobalt_boots":3,"stat.jump":17600,"stat.useItem.minecraft.sand":8,"stat.craftItem.gregtech.hoe":1,"stat.craftItem.minecraft.torch":92,"stat.craftItem.gregtech.meta_stick_long":156,"stat.useItem.minecraft.sapling":759,"stat.mineBlock.minecraft.glass_pane":24,"stat.damageTaken":26345,"stat.craftItem.gregtech.planks":429,"stat.pickup.gregtech.wire_double":11,"stat.mineBlock.minecraft.sapling":72,"stat.pickup.minecraft.log2":28,"stat.cauldronUsed":2,"stat.drop.enderio.item_dark_steel_sword":1,"stat.mineBlock.xtones.lamp_flat":6,"stat.pickup.minecraft.quartz_block":1,"stat.craftItem.chisel.chisel_hitech":1,"stat.drop.gregtech.meta_dust_pure":128,"stat.craftItem.openglider.hang_glider_part":3,"stat.craftItem.minecraft.stone_slab":279,"stat.animalsBred":85,"stat.useItem.minecraft.chest":31,"stat.mineBlock.littletiles.blocklittletiles":11,"stat.useItem.xtones.zion":34,"stat.craftItem.architecturecraft.hammer":1,"stat.useItem.chisel.antiblock":50,"stat.pickup.minecraft.ender_pearl":37,"stat.mineBlock.gregtech.ore_stibnite_0":46,"stat.useItem.minecraft.netherrack":95,"stat.craftItem.littletiles.wrench":1,"stat.craftItem.minecraft.bookshelf":17,"stat.mineBlock.minecraft.stonebrick":2390,"stat.pickup.gregtech.ore_chalcopyrite_0":942,"stat.mineBlock.minecraft.glowstone":423,"stat.pickup.minecraft.iron_horse_armor":6,"stat.pickup.minecraft.torch":119,"stat.pickup.xtones.zeta":298,"stat.useItem.gregtech.ore_coal_0":35,"stat.mineBlock.gregtech.ore_coal_0":2105,"stat.mineBlock.storagedrawers.basicdrawers":4,"stat.pickup.gregtech.ore_pitchblende_0":208,"stat.breakItem.gregtech.axe":1,"stat.craftItem.enderio.block_enchanter":1,"stat.useItem.minecraft.planks":5,"stat.craftItem.gregtech.mining_hammer":10,"stat.pickup.minecraft.glass":106,"stat.mineBlock.gregtech.ore_vanadium_magnetite_0":428,"stat.useItem.minecraft.water_bucket":28,"stat.pickup.minecraft.sand":805,"stat.useItem.enderio.item_dark_steel_sword":48,"stat.pickup.minecraft.name_tag":6,"stat.craftItem.gregtech.axe":8,"stat.pickup.elevatorid.elevator_white":3,"stat.mineBlock.gregtech.ore_pyrite_0":215,"stat.craftItem.contenttweaker.excitationcoil":2,"stat.pickup.gregtech.ore_nether_quartz_0":5,"stat.mineBlock.gregtech.ore_nickel_0":326,"stat.mineBlock.gregtech.boiler_firebox_casing":8,"stat.mineBlock.architecturecraft.sawbench":2,"stat.pickup.actuallyadditions.item_worm":21,"stat.pickup.gregtech.meta_ingot":2958,"stat.craftItem.gregtech.saw":4,"stat.craftItem.gregtech.fluid_pipe_large":22,"stat.pickup.gregtech.ore_graphite_0":153,"stat.pickup.actuallyadditions.item_solidified_experience":79,"stat.pickup.minecraft.furnace":36,"stat.useItem.minecraft.redstone":2,"stat.craftItem.gregtech.meta_block_compressed_3":3,"stat.pickup.minecraft.cyan_glazed_terracotta":7,"stat.pickup.minecraft.iron_chestplate":2,"stat.useItem.gregtech.item_pipe_small":27,"stat.pickup.gregtech.meta_item_1":2980,"stat.pickup.gregtech.mining_hammer":5,"stat.pickup.gregtech.ore_ruby_0":292,"stat.mineBlock.gregtech.ore_bentonite_0":339,"stat.mineBlock.actuallyadditions.block_giant_chest":1,"stat.craftItem.minecraft.heavy_weighted_pressure_plate":2,"stat.pickup.gregtech.wire_coil":44,"stat.playOneMinute":6577451,"stat.pickup.minecraft.diamond_block":3,"stat.breakItem.gregtech.saw":4,"stat.useItem.gregtech.rubber_log":4,"stat.pickup.minecraft.iron_bars":65,"stat.useItem.gregtech.ore_magnetite_0":7,"stat.mineBlock.minecraft.netherrack":4640,"stat.craftItem.gregtech.fluid_pipe_small":74,"stat.craftItem.storagedrawers.framingtable":1,"stat.pickup.gregtech.ore_zeolite_0":929,"stat.craftItem.minecraft.iron_nugget":20601,"stat.fallOneCm":642099,"stat.pickup.gregtech.machine":381,"stat.craftItem.gregtech.wrench_lv":1,"stat.craftItem.minecraft.chest":8,"stat.useItem.minecraft.iron_hoe":1,"stat.mineBlock.gregtech.ore_yellow_limonite_0":164,"stat.pickup.minecraft.feather":33,"stat.pickup.gregtech.ore_lepidolite_0":67,"stat.pickup.minecraft.record_cat":2,"stat.mineBlock.gregtech.ore_cinnabar_0":95,"stat.craftItem.gregtech.fluid_pipe_normal":61,"stat.pickup.gregtech.ore_malachite_0":63,"stat.craftItem.thermalfoundation.tool.excavator_diamond":1,"stat.pickup.gregtech.saw":1,"stat.pickup.gregtech.ore_banded_iron_0":116,"stat.mineBlock.gregtech.ore_tin_0":150,"stat.breakItem.gregtech.file":3,"stat.pickup.minecraft.record_13":7,"stat.useItem.minecraft.iron_bars":1,"stat.pickup.gregtech.axe":1,"stat.mineBlock.gregtech.ore_pentlandite_0":112,"stat.pickup.minecraft.log":11094,"stat.mineBlock.gregtech.ore_fullers_earth_0":108,"stat.mineBlock.minecraft.iron_block":7,"stat.useItem.thermalfoundation.tool.excavator_diamond":285,"stat.craftItem.gregtech.fluid_pipe_huge":7,"stat.pickup.gregtech.ore_brown_limonite_0":177,"stat.craftItem.toolbelt.belt":1,"stat.pickup.gregtech.ore_kyanite_0":18,"stat.mineBlock.gregtech.ore_silver_0":37,"stat.pickup.gregtech.fluid_pipe_huge":2,"stat.useItem.storagedrawers.trim":1,"stat.pickup.gregtech.ore_garnierite_0":332,"stat.sneakTime":116114,"stat.mineBlock.minecraft.cobblestone_wall":9,"stat.pickup.minecraft.chest":202,"stat.useItem.gregtech.ore_cassiterite_0":11,"stat.mineBlock.gregtech.ore_galena_0":154,"stat.mineBlock.gregtech.ore_gypsum_0":52,"stat.craftItem.littletiles.hammer":1,"stat.swimOneCm":170160,"stat.mineBlock.minecraft.diamond_block":3,"stat.useItem.minecraft.dirt":105,"stat.pickup.gregtech.ore_coal_0":2021,"stat.craftItem.gregtech.wrench":3,"stat.pickup.minecraft.enchanting_table":2,"stat.craftItem.gregtech.meta_screw":51,"stat.craftItem.extendedcrafting.handheld_table":1,"stat.mineBlock.minecraft.magma":305,"stat.pickup.gregtech.ore_basaltic_mineral_sand_0":217,"stat.pickup.minecraft.gold_block":4,"stat.mineBlock.minecraft.redstone_block":8,"stat.craftItem.storagedrawers.customdrawers":18,"stat.mineBlock.gregtech.ore_glauconite_sand_0":56,"stat.craftItem.contenttweaker.hand_framing_tool":3,"stat.craftItem.gregtech.meta_ring":151,"stat.mineBlock.gregtech.rubber_leaves":14,"stat.craftItem.minecraft.wooden_slab":4,"stat.craftItem.gregtech.wire_octal":39,"stat.craftItem.gregtech.pickaxe":1,"stat.useItem.gregtech.rubber_sapling":422,"stat.pickup.minecraft.mutton":23,"stat.pickup.gregtech.wire_quadruple":48,"stat.pickup.minecraft.stonebrick":2433,"stat.pickup.gregtech.ore_redstone_0":830,"stat.craftItem.minecraft.blaze_rod":6,"stat.craftItem.minecraft.brick_block":48,"stat.pickup.gregtech.meta_crushed":2970,"stat.craftItem.minecraft.stone_slab2":0,"stat.pickup.actuallyadditions.item_misc":72,"stat.pickup.minecraft.gray_glazed_terracotta":2,"stat.craftItem.gregtech.meta_gear":4,"stat.useItem.minecraft.stone_slab":23,"stat.pickup.gregtech.metal_casing":251,"stat.mineBlock.gregtech.ore_oilsands_0":21,"stat.pickup.storagedrawers.customdrawers":1,"stat.mineBlock.gregtech.ore_calcite_0":66,"stat.craftItem.minecraft.stone":753,"stat.pickup.gregtech.drill_lv":6,"stat.craftItem.minecraft.armor_stand":1,"stat.craftItem.gregtech.meta_gear_small":32,"stat.mineBlock.minecraft.crafting_table":7,"stat.mineBlock.gregtech.ore_redstone_0":765,"stat.pickup.armorplus.cobalt_chestplate":1,"stat.mineBlock.minecraft.quartz_block":1,"stat.craftItem.armorplus.cobalt_helmet":3,"stat.craftItem.gregtech.meta_plate":107,"stat.craftItem.gregtech.mallet":3,"stat.mineBlock.gregtech.meta_block_frame_20":13,"stat.mineBlock.gregtech.meta_block_frame_16":11,"stat.craftItem.minecraft.clay":80,"stat.pickup.minecraft.gravel":269,"stat.pickup.gregtech.ore_realgar_0":197,"stat.useItem.gregtech.fluid_pipe_large":18,"stat.useItem.gregtech.ore_vanadium_magnetite_0":3,"stat.pickup.minecraft.stone_brick_stairs":24,"stat.pickup.minecraft.diamond_sword":2,"stat.useItem.storagedrawers.basicdrawers":5,"stat.pickup.enderio.item_power_conduit":6,"stat.pickup.minecraft.spider_eye":7,"stat.mineBlock.gregtech.steam_casing":3,"stat.craftItem.gregtech.boiler_firebox_casing":4,"stat.mineBlock.gregtech.ore_sulfur_0":467,"stat.craftItem.gregtech.meta_dust_tiny":79,"stat.mineBlock.minecraft.iron_bars":65,"stat.pickup.gregtech.wrench":2,"stat.craftItem.gregtech.meta_tool_head_wrench":1,"stat.pickup.minecraft.leather":68,"stat.pickup.gregtech.ore_rock_salt_0":162,"stat.pickup.minecraft.reeds":970,"stat.useItem.minecraft.magma":22,"stat.pickup.gregtech.rubber_log":2493,"stat.craftItem.storagedrawers.controller":1,"stat.drop.gregtech.meta_dust_tiny":1,"stat.killEntity.Cow":22,"stat.walkOneCm":5701159,"stat.pickup.gregtech.ore_diamond_0":50,"stat.craftItem.gregtech.screwdriver":2,"stat.pickup.minecraft.clay_ball":1972,"stat.pickup.enderio.item_dark_steel_boots":20,"stat.craftItem.gregtech.wire_single":400,"stat.mineBlock.minecraft.trapped_chest":6,"stat.craftItem.elevatorid.elevator_white":2,"stat.craftItem.actuallyadditions.item_crystal":27,"stat.mineBlock.chisel.basalt2":16,"stat.craftItem.gregtech.wire_cutter":3,"stat.useItem.gregtech.screwdriver_lv":3,"stat.craftItem.gregtech.meta_spring":1,"stat.mineBlock.gregtech.ore_spodumene_0":41,"stat.pickup.gregtech.meta_dust":6205,"stat.drop.chisel.marble2":1,"stat.pickup.minecraft.stone":51,"stat.craftItem.littletiles.colortube":1,"stat.pickup.minecraft.gold_ingot":301,"stat.mineBlock.gregtech.rubber_log":2159,"stat.mineBlock.gregtech.stone_smooth":4776,"stat.pickup.armorplus.cobalt_leggings":1,"stat.craftItem.gregtech.meta_bolt":212,"stat.pickup.minecraft.netherbrick":4,"stat.pickup.minecraft.bread":31,"stat.pickup.minecraft.quartz":118,"stat.craftItem.gregtech.meta_dust":2346,"stat.craftItem.minecraft.brick":512,"stat.mineBlock.minecraft.stone":47758,"stat.useItem.gregtech.fluid_pipe_huge":5}